{
    "Uhxkpn": 307713.16401451355,
    "Iefuo": 368341.1405537024,
    "Ogandf": 530565.0,
    "Olspi": 723898.0,
    "Idogcl": 355100.0,
    "Urcy": 8676.0,
    "Ozrh": 265453.0,
    "Aukd": 204690.223036554,
    "Owmm": 304077.0,
    "Upxia": 2804.0
}